Metric,Value
Accuracy,0.82349
Precision,0.6781357801
Recall,0.82349
F1-Score,0.7437778985352265
